name,mean,max,min,vehicles,k,BKS,gap,time
P-n101-k4,739,739,739,4,4,681,8.52,0.01
P-n16-k8,478,478,478,9,8,450,6.22,0
P-n19-k2,237,237,237,2,2,212,11.79,0
P-n20-k2,234,234,234,2,2,216,8.33,0
P-n21-k2,236,236,236,2,2,211,11.85,0
P-n22-k2,240,240,240,2,2,216,11.11,0
P-n22-k8,591,591,591,9,8,603,0,0
P-n23-k8,537,537,537,9,8,529,1.51,0
P-n40-k5,505,505,505,5,5,458,10.26,0
P-n45-k5,528,528,528,5,5,510,3.53,0
P-n50-k10,756,756,756,11,10,696,8.62,0
P-n50-k7,584,584,584,7,7,554,5.42,0
P-n50-k8,644,644,644,9,8,631,2.06,0
P-n51-k10,773,773,773,11,10,741,4.32,0
P-n55-k10,730,730,730,10,10,694,5.19,0
P-n55-k15,982,982,982,17,15,989,0,0
P-n55-k7,617,617,617,7,7,568,8.63,0
P-n55-k8,629,629,629,7,8,588,6.97,0
P-n60-k10,797,797,797,10,10,744,7.12,0
P-n60-k15,1019,1019,1019,16,15,968,5.27,0
P-n65-k10,848,848,848,10,10,792,7.07,0
P-n70-k10,883,883,883,11,10,827,6.77,0
P-n76-k4,666,666,666,4,4,593,12.31,0
P-n76-k5,681,681,681,6,5,627,8.61,0
,,,,,,,,
A-n32-k5,839,839,839,5,5,784,7.02,0
A-n33-k5,713,713,713,5,5,661,7.87,0
A-n33-k6,766,766,766,6,6,742,3.23,0
A-n34-k5,798,798,798,5,5,778,2.57,0
A-n36-k5,826,826,826,5,5,799,3.38,0
A-n37-k5,705,705,705,5,5,669,5.38,0
A-n37-k6,984,984,984,6,6,949,3.69,0
A-n38-k5,767,767,767,6,5,730,5.07,0
A-n39-k5,900,900,900,5,5,822,9.49,0
A-n39-k6,861,861,861,6,6,831,3.61,0
A-n44-k6,974,974,974,7,6,937,3.95,0
A-n45-k6,971,971,971,7,6,944,2.86,0
A-n45-k7,1205,1205,1205,7,7,1146,5.15,0
A-n46-k7,940,940,940,7,7,914,2.84,0
A-n48-k7,1102,1102,1102,7,7,1073,2.7,0
A-n53-k7,1063,1063,1063,8,7,1010,5.25,0
A-n54-k7,1174,1174,1174,7,7,1167,0.6,0
A-n55-k9,1102,1102,1102,9,9,1073,2.7,0
A-n60-k9,1420,1420,1420,9,9,1354,4.87,0
A-n61-k9,1053,1053,1053,10,9,1034,1.84,0
A-n62-k8,1362,1362,1362,8,8,1288,5.75,0
A-n63-k10,1372,1372,1372,10,10,1314,4.41,0
A-n63-k9,1681,1681,1681,10,9,1616,4.02,0
A-n64-k9,1479,1479,1479,9,9,1401,5.57,0
A-n65-k9,1253,1253,1253,10,9,1174,6.73,0
A-n69-k9,1193,1193,1193,9,9,1159,2.93,0.01
A-n80-k10,1864,1864,1864,10,10,1763,5.73,0.01
,,,,,,,,
B-n31-k5,678,678,678,5,5,672,0.89,0
B-n34-k5,793,793,793,5,5,788,0.63,0
B-n35-k5,979,979,979,5,5,955,2.51,0
B-n38-k6,832,832,832,6,6,805,3.35,0
B-n39-k5,564,564,564,5,5,549,2.73,0
B-n41-k6,896,896,896,7,6,829,8.08,0
B-n43-k6,755,755,755,6,6,742,1.75,0
B-n44-k7,935,935,935,7,7,909,2.86,0
B-n45-k5,756,756,756,5,5,751,0.67,0
B-n45-k6,723,723,723,7,6,678,6.64,0
B-n50-k7,746,746,746,7,7,741,0.67,0
B-n50-k8,1395,1395,1395,8,8,1312,6.33,0.01
B-n51-k7,1036,1036,1036,8,7,1032,0.39,0
B-n52-k7,759,759,759,7,7,747,1.61,0
B-n56-k7,735,735,735,7,7,707,3.96,0
B-n57-k7,1236,1236,1236,8,7,1153,7.2,0
B-n57-k9,1658,1658,1658,9,9,1598,3.75,0
B-n63-k10,1601,1601,1601,10,10,1496,7.02,0
B-n64-k9,911,911,911,10,9,861,5.81,0
B-n66-k9,1425,1425,1425,9,9,1316,8.28,0
B-n67-k10,1088,1088,1088,11,10,1032,5.43,0.01
B-n68-k9,1309,1309,1309,9,9,1272,2.91,0.01
B-n78-k10,1255,1255,1255,10,10,1221,2.78,0.01
,,,,,,,,
X-n1001-k43,77183,77183,77183,43,43,72355,6.67,1.74
X-n101-k25,29111,29111,29111,28,25,27591,5.51,0.01
X-n106-k14,27374,27374,27374,14,14,26362,3.84,0.01
X-n110-k13,15859,15859,15859,13,13,14971,5.93,0.01
X-n115-k10,13487,13487,13487,11,10,12747,5.81,0.02
X-n120-k6,14541,14541,14541,6,6,13332,9.07,0.02
X-n125-k30,58077,58077,58077,32,30,55539,4.57,0.02
X-n129-k18,30249,30249,30249,18,18,28940,4.52,0.03
X-n134-k13,11518,11518,11518,14,13,10916,5.51,0.03
X-n139-k10,14503,14503,14503,10,10,13590,6.72,0.03
X-n143-k7,17765,17765,17765,7,7,15700,13.15,0.02
X-n148-k46,45123,45123,45123,48,46,43448,3.86,0.03
X-n153-k22,22561,22561,22561,25,22,21220,6.32,0.03
X-n157-k13,17905,17905,17905,13,13,16876,6.1,0.03
X-n162-k11,15489,15489,15489,11,11,14138,9.56,0.03
X-n167-k10,22170,22170,22170,10,10,20557,7.85,0.05
X-n172-k51,48225,48225,48225,56,51,45607,5.74,0.06
X-n176-k26,52559,52559,52559,29,26,47812,9.93,0.04
X-n181-k23,26735,26735,26735,23,23,25569,4.56,0.05
X-n186-k15,25566,25566,25566,15,15,24145,5.89,0.04
X-n190-k8,18020,18020,18020,8,8,16980,6.12,0.06
X-n195-k51,45648,45648,45648,54,51,44225,3.22,0.06
X-n200-k36,62118,62118,62118,38,36,58578,6.04,0.08
X-n204-k19,21260,21260,21260,19,19,19565,8.66,0.06
X-n209-k16,32510,32510,32510,16,16,30656,6.05,0.07
X-n214-k11,12077,12077,12077,12,11,10856,11.25,0.06
X-n219-k73,118364,118364,118364,73,73,117595,0.65,0.07
X-n223-k34,42138,42138,42138,35,34,40437,4.21,0.08
X-n228-k23,27170,27170,27170,25,23,25742,5.55,0.08
X-n233-k16,20368,20368,20368,17,16,19230,5.92,0.07
X-n237-k14,29837,29837,29837,14,14,27042,10.34,0.08
X-n242-k48,84872,84872,84872,49,48,82751,2.56,0.08
X-n247-k50,41319,41319,41319,57,50,37274,10.85,0.09
X-n251-k28,40644,40644,40644,28,28,38684,5.07,0.09
X-n256-k16,20788,20788,20788,17,16,18839,10.35,0.09
X-n261-k13,28735,28735,28735,13,13,26558,8.2,0.09
X-n266-k58,78550,78550,78550,61,58,75478,4.07,0.09
X-n270-k35,37148,37148,37148,37,35,35291,5.26,0.1
X-n275-k28,22471,22471,22471,28,28,21245,5.77,0.11
X-n280-k17,36281,36281,36281,17,17,33503,8.29,0.11
X-n284-k15,22218,22218,22218,15,15,20215,9.91,0.11
X-n289-k60,98219,98219,98219,64,60,95151,3.22,0.12
X-n294-k50,48474,48474,48474,52,50,47161,2.78,0.12
X-n298-k31,36124,36124,36124,32,31,34231,5.53,0.13
X-n303-k21,23640,23640,23640,21,21,21736,8.76,0.13
X-n308-k13,28414,28414,28414,13,13,25859,9.88,0.13
X-n313-k71,97814,97814,97814,75,71,94043,4.01,0.15
X-n317-k53,79651,79651,79651,53,53,78355,1.65,0.14
X-n322-k28,31751,31751,31751,29,28,29834,6.43,0.25
X-n327-k20,29920,29920,29920,20,20,27532,8.67,0.15
X-n331-k15,33858,33858,33858,15,15,31102,8.86,0.19
X-n336-k84,144890,144890,144890,90,84,139111,4.15,0.17
X-n344-k43,44599,44599,44599,44,43,42050,6.06,0.17
X-n351-k40,26990,26990,26990,41,40,25896,4.22,0.17
X-n359-k29,53615,53615,53615,29,29,51505,4.1,0.19
X-n367-k17,25255,25255,25255,18,17,22814,10.7,0.22
X-n376-k94,149358,149358,149358,94,94,147713,1.11,0.2
X-n384-k52,69271,69271,69271,54,52,65928,5.07,0.22
X-n393-k38,40773,40773,40773,39,38,38260,6.57,0.21
X-n401-k29,68673,68673,68673,29,29,66154,3.81,0.23
X-n411-k19,22057,22057,22057,19,19,19712,11.9,0.24
X-n420-k130,112713,112713,112713,135,130,107798,4.56,0.24
X-n429-k61,68598,68598,68598,63,61,65449,4.81,0.29
X-n439-k37,38773,38773,38773,37,37,36391,6.55,0.27
X-n449-k29,58475,58475,58475,30,29,55233,5.87,0.3
X-n459-k26,26046,26046,26046,27,26,24139,7.9,0.3
X-n469-k138,235402,235402,235402,149,138,221824,6.12,0.33
X-n480-k70,93316,93316,93316,72,70,89449,4.32,0.34
X-n491-k59,69433,69433,69433,60,59,66483,4.44,0.43
X-n502-k39,71445,71445,71445,39,39,69226,3.21,0.36
X-n513-k21,27312,27312,27312,21,21,24201,12.85,0.38
X-n524-k153,163352,163352,163352,166,153,154593,5.67,0.4
X-n536-k96,99739,99739,99739,101,96,94846,5.16,0.42
X-n548-k50,89659,89659,89659,50,50,86700,3.41,0.45
X-n561-k42,45745,45745,45745,42,42,42717,7.09,0.45
X-n573-k30,52495,52495,52495,30,30,50673,3.6,0.48
X-n586-k159,199812,199812,199812,168,159,190316,4.99,0.53
X-n599-k92,112922,112922,112922,96,92,108451,4.12,0.53
X-n613-k62,62399,62399,62399,63,62,59535,4.81,0.54
X-n627-k43,65174,65174,65174,44,43,62164,4.84,0.58
X-n641-k35,68211,68211,68211,35,35,63682,7.11,0.62
X-n655-k131,108223,108223,108223,131,131,106780,1.35,0.64
X-n670-k130,158337,158337,158337,147,130,146332,8.2,0.73
X-n685-k75,71503,71503,71503,77,75,68205,4.84,0.66
X-n701-k44,85482,85482,85482,44,44,81923,4.34,0.59
X-n716-k35,45645,45645,45645,35,35,43373,5.24,0.55
X-n733-k159,140080,140080,140080,164,159,136187,2.86,0.58
X-n749-k98,79166,79166,79166,99,98,77269,2.46,0.6
X-n766-k71,119827,119827,119827,74,71,114417,4.73,0.65
X-n783-k48,76982,76982,76982,49,48,72386,6.35,0.68
X-n801-k40,77277,77277,77277,40,40,73305,5.42,0.72
X-n819-k171,165874,165874,165874,181,171,158121,4.9,0.74
X-n837-k142,201040,201040,201040,147,142,193737,3.77,0.78
X-n856-k95,92470,92470,92470,95,95,88965,3.94,0.78
X-n876-k59,102101,102101,102101,59,59,99299,2.82,0.87
X-n895-k37,58834,58834,58834,38,37,53860,9.24,0.9
X-n916-k207,344359,344359,344359,217,207,329179,4.61,0.94
X-n936-k151,144950,144950,144950,177,151,132715,9.22,0.96
X-n957-k87,89291,89291,89291,87,87,85465,4.48,1
X-n979-k58,123775,123775,123775,59,58,118976,4.03,1.1
,,,,,,,,
XL-n10001-k1570,2422702,2422702,2422702,1635,1570,2333757,3.81,140.58
XL-n1048-k237,409346,409346,409346,259,237,380211,7.66,1.45
XL-n1094-k157,114958,114958,114958,157,157,112431,2.25,1.42
XL-n1141-k112,100750,100750,100750,115,112,95727,5.25,1.8
XL-n1188-k96,108988,108988,108988,98,96,104415,4.38,1.71
XL-n1234-k55,102645,102645,102645,55,55,96647,6.21,1.86
XL-n1281-k29,35542,35542,35542,29,29,31101,14.28,1.93
XL-n1328-k19,44611,44611,44611,19,19,38247,16.64,2.21
XL-n1374-k278,244596,244596,244596,295,278,233049,4.95,2.12
XL-n1421-k232,392935,392935,392935,236,232,384826,2.11,2.36
XL-n1468-k151,259519,259519,259519,156,151,250166,3.74,2.52
XL-n1514-k106,98376,98376,98376,108,106,92425,6.44,2.5
XL-n1561-k75,106041,106041,106041,75,75,101549,4.42,2.7
XL-n1608-k39,54208,54208,54208,39,39,48021,12.88,2.83
XL-n1654-k11,44492,44492,44492,11,11,36385,22.28,3.19
XL-n1701-k562,557935,557935,557935,611,562,521136,7.06,3.25
XL-n1748-k271,182267,182267,182267,284,271,173896,4.81,3.52
XL-n1794-k163,147065,147065,147065,163,163,141729,3.76,3.65
XL-n1841-k126,219582,219582,219582,126,126,214038,2.59,4.05
XL-n1888-k82,151828,151828,151828,83,82,143623,5.71,4.15
XL-n1934-k46,60140,60140,60140,46,46,53013,13.44,4.26
XL-n1981-k13,38325,38325,38325,13,13,32580,17.63,4.38
XL-n2028-k617,580503,580503,580503,669,617,544403,6.63,4.63
XL-n2074-k264,428856,428856,428856,267,264,421627,1.71,5.19
XL-n2121-k186,288729,288729,288729,186,186,283211,1.95,5.47
XL-n2168-k138,134795,134795,134795,140,138,127298,5.89,5.25
XL-n2214-k131,160735,160735,160735,131,131,154676,3.92,5.52
XL-n2261-k54,108670,108670,108670,54,54,98907,9.87,5.96
XL-n2307-k34,57646,57646,57646,34,34,47958,20.2,5.92
XL-n2354-k631,994736,994736,994736,669,631,940825,5.73,6.4
XL-n2401-k408,480765,480765,480765,421,408,463473,3.73,6.68
XL-n2447-k290,230153,230153,230153,309,290,218706,5.23,6.63
XL-n2494-k194,366403,366403,366403,195,194,361205,1.44,6.94
XL-n2541-k121,154876,154876,154876,122,121,146390,5.8,7.36
XL-n2587-k66,82373,82373,82373,66,66,73394,12.23,7.59
XL-n2634-k17,39359,39359,39359,17,17,31641,24.39,7.78
XL-n2681-k540,815580,815580,815580,552,540,798603,2.13,8.84
XL-n2727-k546,435578,435578,435578,546,546,431134,1.03,8.83
XL-n2774-k286,421428,421428,421428,294,286,407847,3.33,9.26
XL-n2821-k208,224151,224151,224151,210,208,216763,3.41,10.01
XL-n2867-k120,173613,173613,173613,121,120,165990,4.59,9.65
XL-n2914-k95,98212,98212,98212,96,95,88990,10.36,9.49
XL-n2961-k55,119818,119818,119818,55,55,108084,10.86,10.4
XL-n3007-k658,532678,532678,532678,668,658,522319,1.98,10.01
XL-n3054-k461,810791,810791,810791,479,461,782739,3.58,10.99
XL-n3101-k311,253842,253842,253842,322,311,245937,3.21,10.91
XL-n3147-k232,266593,266593,266593,235,232,256626,3.88,11.48
XL-n3194-k161,158510,158510,158510,163,161,148728,6.58,11.44
XL-n3241-k115,227810,227810,227810,115,115,221370,2.91,11.84
XL-n3287-k30,48564,48564,48564,30,30,40229,20.72,11.9
XL-n3334-k934,1479915,1479915,1479915,947,934,1452698,1.87,13.2
XL-n3408-k524,703031,703031,703031,536,524,678643,3.59,13.82
XL-n3484-k436,708673,708673,708673,436,436,703355,0.76,14.2
XL-n3561-k229,217307,217307,217307,230,229,209386,3.78,14.31
XL-n3640-k211,200321,200321,200321,214,211,189724,5.59,15.27
XL-n3721-k77,175075,175075,175075,77,77,162862,7.5,16.98
XL-n3804-k29,64015,64015,64015,29,29,52885,21.05,16.12
XL-n3888-k1010,2039847,2039847,2039847,1102,1010,1880368,8.48,17.15
XL-n3975-k687,533920,533920,533920,692,687,525901,1.52,17.62
XL-n4063-k347,562450,562450,562450,352,347,548931,2.46,20.86
XL-n4153-k291,362332,362332,362332,292,291,356034,1.77,21.34
XL-n4245-k203,241196,241196,241196,203,203,229659,5.02,25.28
XL-n4340-k148,256156,256156,256156,150,148,244226,4.88,23.29
XL-n4436-k48,71831,71831,71831,48,48,61477,16.84,24.96
XL-n4535-k1134,1207334,1207334,1207334,1134,1134,1203566,0.31,26.78
XL-n4635-k790,622906,622906,622906,805,790,610650,2.01,25.23
XL-n4738-k487,777242,777242,777242,496,487,760501,2.2,27.66
XL-n4844-k321,413709,413709,413709,321,321,404652,2.24,28.33
XL-n4951-k203,297760,297760,297760,205,203,285269,4.38,32.49
XL-n5061-k184,171055,171055,171055,186,184,161629,5.83,31.88
XL-n5174-k55,72776,72776,72776,56,55,61382,18.56,33.36
XL-n5288-k1246,2065438,2065438,2065438,1321,1246,1960101,5.37,38.47
XL-n5406-k783,1048649,1048649,1048649,784,783,1040536,0.78,39.19
XL-n5526-k553,342690,342690,342690,553,553,336898,1.72,37.57
XL-n5649-k401,655129,655129,655129,402,401,644866,1.59,44.25
XL-n5774-k290,260967,260967,260967,291,290,250207,4.3,41.91
XL-n5902-k122,232308,232308,232308,122,122,217447,6.83,47.4
XL-n6034-k61,76232,76232,76232,62,61,64448,18.28,46.4
XL-n6168-k1922,1585911,1585911,1585911,2010,1922,1530010,3.65,50.04
XL-n6305-k1042,1213799,1213799,1213799,1085,1042,1177528,3.08,53.93
XL-n6445-k628,1024631,1024631,1024631,641,628,996623,2.81,56.9
XL-n6588-k473,342098,342098,342098,474,473,334068,2.4,54.17
XL-n6734-k330,465059,465059,465059,335,330,448031,3.8,60.97
XL-n6884-k148,193093,193093,193093,149,148,181809,6.21,55.14
XL-n7037-k38,88581,88581,88581,38,38,70845,25.03,56.64
XL-n7193-k1683,3099136,3099136,3099136,1765,1683,2958979,4.74,64.57
XL-n7353-k1471,1545450,1545450,1545450,1471,1471,1537811,0.5,65.49
XL-n7516-k859,581947,581947,581947,866,859,573902,1.4,64.05
XL-n7683-k602,723249,723249,723249,615,602,702098,3.01,71.33
XL-n7854-k365,667304,667304,667304,366,365,659221,1.23,76.2
XL-n8028-k294,284204,284204,284204,296,294,266900,6.48,81.82
XL-n8207-k108,131035,131035,131035,108,108,118274,10.79,89.21
XL-n8389-k2028,3432612,3432612,3432612,2077,2028,3358731,2.2,101.18
XL-n8575-k1297,1100096,1100096,1100096,1301,1297,1089137,1.01,99.33
XL-n8766-k1032,936367,936367,936367,1064,1032,906406,3.31,102.03
XL-n8960-k634,792601,792601,792601,643,634,773383,2.48,109.13
XL-n9160-k379,340684,340684,340684,379,379,324092,5.12,110.51
XL-n9363-k209,223190,223190,223190,209,209,205575,8.57,114.14
XL-n9571-k55,128923,128923,128923,55,55,106791,20.72,120.17
XL-n9784-k2774,4125523,4125523,4125523,2799,2774,4078217,1.16,122.22
,,,,,,,,
Loggi-n1001-k31,305126,305126,305126,31,31,284356,7.3,1.62
Loggi-n401-k23,347191,347191,347191,23,23,336903,3.05,0.23
Loggi-n501-k24,187038,187038,187038,24,24,177176,5.57,0.38
Loggi-n601-k19,121108,121108,121108,19,19,113155,7.03,0.55
Loggi-n601-k42,362485,362485,362485,42,42,347046,4.45,0.52
Loggi-n901-k42,259690,259690,259690,43,42,246301,5.44,1.25
ORTEC-n242-k12,132295,132295,132295,13,12,123750,6.91,0.08
ORTEC-n323-k21,230035,230035,230035,24,21,214071,7.46,0.15
ORTEC-n405-k18,212494,212494,212494,19,18,200986,5.73,0.25
ORTEC-n455-k41,303245,303245,303245,43,41,292485,3.68,0.3
ORTEC-n510-k23,191865,191865,191865,23,23,184529,3.98,0.4
ORTEC-n701-k64,467516,467516,467516,66,64,445541,4.93,0.79
,,,,,,,,
CMT1,584.64,584.64,584.64,6,5,524.611,11.44,0
CMT11,1068.14,1068.14,1068.14,7,7,1042.12,2.5,0.02
CMT12,833.51,833.51,833.51,10,10,819.558,1.7,0.01
CMT2,900.26,900.26,900.26,10,10,835.262,7.78,0.01
CMT3,886.83,886.83,886.83,8,8,826.137,7.35,0.01
CMT4,1133.43,1133.43,1133.43,12,12,1028.42,10.21,0.03
CMT5,1395.74,1395.74,1395.74,17,16,1291.289144,8.09,0.05
